{"episode_reward_mean":12.129680000000002,"distance_loss":0,"_runtime":2520.988459908,"auxiliary_loss":0,"curriculum/level":0,"stage":1,"entropy":1.3691069434086482,"success_rate":0.09,"timesteps":40960,"policy_loss":-0.0019457741873338819,"episode_length_mean":143.32,"curriculum/level_success_rate":0.09,"value_loss":42.891476721386425,"_timestamp":1.750824093314083e+09,"_step":3,"curriculum/episodes_at_level":266,"curriculum/level_name":"Basic Navigation","_wandb":{"runtime":2913},"approx_kl":0.001784692887061586,"clip_fraction":0.0003255208333333333}