{"episode_length_mean":141.07,"_wandb":{"runtime":2951},"_timestamp":1.7507358851723356e+09,"_step":3,"distance_loss":0,"curriculum/level":0,"curriculum/level_success_rate":0.12,"episode_reward_mean":369.4849300000006,"entropy":1.386274330317974,"policy_loss":-4.685247161736091e-05,"_runtime":2847.016358071,"stage":2,"curriculum/episodes_at_level":265,"value_loss":1.7539073683333334e+08,"timesteps":40960,"curriculum/level_name":"Basic Navigation","success_rate":0.12,"clip_fraction":0,"approx_kl":5.728021884957949e-07}