{"entropy":0.00028046710481161583,"curriculum/level_name":"Basic Navigation","approx_kl":1.8669525161385536e-06,"stage":1,"clip_fraction":0,"timesteps":51200,"_wandb":{"runtime":3853},"success_rate":0,"_step":9,"curriculum/level_success_rate":0,"episode_reward_mean":-0.09999999999999856,"curriculum/level":0,"policy_loss":2.5391927920281887e-05,"_runtime":3853.310762345,"episode_length_mean":100,"_timestamp":1.7507113769341512e+09,"auxiliary_loss":0,"curriculum/episodes_at_level":504,"value_loss":267323.97790527344,"distance_loss":167330.0569000244}