{"entropy":1.4556714724749327,"clip_fraction":0.148291015625,"timesteps":40960,"value_loss":94.1098863363266,"episode_length_mean":427.8045977011494,"_step":1,"goal_conditioned_reward":-158.7098241926779,"exploration_reward":-49.83260869565188,"episode_reward_mean":-101.14256082643423,"_runtime":3018.244878695,"approx_kl":0.02005113076302223,"success_rate":0.7241379310344828,"_timestamp":1.7485717211304872e+09,"policy_loss":-0.01431727358722128,"distance_loss":60.99333967715502,"_wandb":{"runtime":3058}}