{"episode_length_mean":424.63,"clip_fraction":0.085205078125,"_runtime":11145.014042262,"_step":6,"_timestamp":1.7501857277236688e+09,"success_rate":0.71,"goal_conditioned_reward":3.1213911922571413,"exploration_reward":272.2520000000019,"_wandb":{"runtime":12162},"timesteps":143360,"entropy":1.3022076405584813,"distance_loss":314.4524236276746,"episode_reward_mean":120.03509197100611,"value_loss":74.14971836209297,"approx_kl":0.006756938761100173,"policy_loss":0.0007871879963204265}